token,count
Kotlin,81
appium,76
Stored procedures,74
MVVM,60
hmi,59
openshift,58
dashboards,57
Playwright,56
Boq Preparation,55
Appium,54
kotlin,54
mdg,51
TDD,51
Boq,51
MDM,49
Prototype,49
Infotainment,48
Mainframes,47
bdd,47
adam,46
Virtualization,46
vba,45
dynatrace,43
HMI,42
Itom,42
Prometheus,42
Instruments,41
Visual Studio,41
bgp,40
Agentic Ai,40
Ai Solutions,39
hipaa,38
Db2,38
waterfall,38
NLP,37
artifactory,36
distributed computing,36
UAT,36
mdm,35
mainframes,35
test scenarios,35
websphere,35
device drivers,33
Solid Edge,33
crystal report,33
VBA,33
oil,32
clinical trials,32
webdynpro,32
Quantity Surveying,31
mobx,31
FPGA,31
LINQ,31
Cassandra,31
Dashboards,31
numpy,31
progress 4gl,31
financial modelling,30
Conceptualization,30
DFT,30
Ruby Rails,30
JPA,30
UG NX,30
HIPAA,30
Powerapps,29
stored procedures,29
synthesis,29
dax,29
sailpoint,29
L2,28
Gaming,28
Codeigniter,28
Press Shop,28
vhdl,28
Subject Matter Expert,27
Numpy,27
dynamo db,27
Analog,27
bom,26
navisworks,26
Support services,26
Mining,26
Substation,26
BOM,26
Openshift,26
lambda expressions,26
windchill,26
udp,26
Dax,26
hana db,25
apqp,25
Managed services,25
boomi,25
ADF,25
Internship,24
Calibration,24
Clinical trials,23
facilitation,23
Developer,23
product strategy,23
wfm,23
gdb,22
Stored Procedures,22
abb,22
Requirement Gathering,22
ubuntu,22
Agentic AI,22
Dynatrace,22
Bom,21
Customization,21
Piping,21
Single Line Diagram,21
orientation,21
VOIP,21
jpa,20
bw,20
Lambda Expressions,20
JTAG,20
Individual Contributor,20
Compensation,19
Renewable energy,19
togaf,19
Qlik,19
Proposal Preparation,19
GD&T,19
Detailing,19
powerapps,19
Injection Moulding,19
L3,19
customization,19
redhat openshift,19
itk,18
appian,18
DB2,18
defect tracking,18
Bom Preparation,18
Ubuntu,18
Printer Support,18
vb,18
Ai Platform,17
Test scenarios,17
Boomi,17
Cable Sizing,17
Pressure Vessels,17
Steel Structures,17
Gd T,17
mvvm,17
blue prism,17
compensation,17
Test strategy,17
palo alto firewall,16
IATF,16
VB,16
prototype,16
Animation,16
Aviation,16
websphere mq,16
kanban,16
requirement gathering,15
TPM,15
ftp,15
Altium,15
HDL,15
Translation,15
Server Support,15
gd,15
alm,15
Report Preparation,15
Powertrain,15
ITOM,15
mulesoft anypoint platform,15
Customer retention,15
Vismockup,15
Remote Support,15
NX,15
shortlisting,15
Bdd,15
identityiq,14
Iatf,14
LNG,14
Conveyors,14
molecular biology,14
Solution Architect,14
vault,14
Interfaces,14
Palo Alto Firewall,14
rice components,14
mulesoft anypoint,14
UVM,14
VFD,14
Cable Laying,14
jwt,14
Licensing,14
Blue Prism,14
linq,14
LLD,14
solarwinds,14
Objective C,14
deploying models,14
L1,13
Primavera,13
Microstation,13
NUnit,13
cassandra,13
FTP,13
Dynamo Db,13
kvm,13
DynamoDB,13
HAZOP,13
fpa,13
Wfo,13
encryption,13
Mdg,13
Stock exchange,13
Apqp,13
uft,13
Fortigate,13
Electrical Works,13
XPath,13
sonarqube,13
jtag,12
TOGAF,12
amdp,12
BDD,12
Primavera P6,12
Quotation,12
Components,12
Antivirus,12
gpm,12
Earthing Calculation,12
Defect tracking,12
cable tray,12
Conflict resolution,12
Plugin Customization,12
Itam,12
Documents,12
solid principles,12
innovation,12
JWT,12
Bloomberg,12
Procedures,11
Appdynamics,11
Spare parts,11
Refrigeration,11
Injection,11
pingfederate,11
Anypoint Platform,11
Microstrategy,11
Document Verification,11
Clinical Trials,11
Quantity,11
smartforms,11
npm,11
Material selection,11
Bluetooth,11
Blockchain,11
devsecops,11
Forging Shop,11
Formulation,11
wireframing,11
Waterfall,10
Manhattan WMS,10
qt,10
Lightning Components,10
mdx,10
Zoho,10
lightning components,10
ASME Codes,10
Push Notification,10
typography,10
qnx,10
maximo,10
Clerical Work,10
Solar Energy,10
Subject matter expertise,10
ampscript,10
Navisworks,10
anatomy,10
memcached,10
Signalling,10
MQ,10
mq,10
Cable Tray,10
Cryptography,10
Pcb Layout,10
Evaluation,10
authorization,10
interfaces,10
employee central,10
dlp,10
tdd,10
QT,10
VB SCRIPT,10
apo,10
Windchill,10
pneumatics,10
single line diagram,10
oauth,10
NDT,10
nx,10
uvm,10
prometheus,10
Tool Room,10
dft,10
5g,10
developer,9
Bgp,9
otm,9
Dell Boomi,9
components,9
Compressors,9
Incident Response,9
conflict resolution,9
220Kv,9
Structured Cabling,9
400Kv,9
Interior Finishing,9
bloomberg,9
Conversational Ai,9
appdynamics,9
infotainment,9
WebSphere,9
Forging Parts,9
method validation,9
QNX,9
uv,9
Kibana,9
duck creek,9
dom manipulation,9
Poka Yoke,9
Devsecops,9
Proposals,9
Collaboration,9
Pressure vessels,9
transportation,9
Gke Cluster,9
Gatling,9
peoplecode,9
Artifactory,9
Actuarial,9
linear regression,9
Mqtt,9
nginx,9
Growth Strategy,9
dentistry,9
Auto Ancillary,9
atpg,9
ASNT Level II,9
X86,9
fup,9
Use Cases,9
Product launch,9
Shop Floor,9
Method Validation,9
Layout,9
GMP,9
PeopleSoft,9
pq,9
OOAD,9
visual studio,9
PV,9
Pneumatics,9
Oauth,9
Oil,9
db2,8
Tricentis Tosca,8
BW,8
product roadmap,8
Solar energy,8
Renewable Energy,8
connectors,8
cognos tm1,8
HyperMesh,8
wireless technologies,8
fpga,8
storyboarding,8
Xilinx,8
Hot Forging,8
Anypoint Studio,8
lvm,8
Encryption,8
hyperion essbase,8
Actuators,8
ITAM,8
BOQ,8
payment gateways,8
pega platform,8
incident response,8
UDP,8
antivirus,8
test strategy,8
Storyboarding,8
OpenShift,8
Waste Water Treatment,8
Accounts Executive,8
citrix xenapp,8
predictive,8
O365,8
AppDynamics,8
IPV6,8
steel structures,8
Nginx,8
Financial modelling,8
Solid edge,8
Soldering,8
Product Owner,8
NABL,8
Kuka,8
storage domain,8
qmf,8
asic verification,8
toolchain,8
itom,8
Environment,8
Structural Steel,8
uat,8
Global,8
Logistic regression,7
baan,7
boq,7
Demandware,7
Product Roadmap,7
Multitasking,7
alternative investments,7
WTP,7
blackline,7
quantitative,7
tafj,7
Electric Vehicle,7
atlassian,7
decision making,7
employee grievances,7
Mulesoft Anypoint,7
Lamda,7
tpm,7
ai solutions,7
Message Queue,7
Exterior Trims,7
Abb,7
spec flow,7
forgerock,7
Messaging,7
Mapping,7
Payment Gateways,7
ibm sterling,7
APQP,7
settlements,7
Pilot,7
P6,7
OAuth2,7
Engineer II,7
Sonarqube,7
pdm,7
Mivan,7
clustering,7
mq series,7
Ventilation,7
multitasking,7
pathology,7
14001,7
Kanban,7
p2p,7
Solid Orals,7
Lambda,7
Odoo,7
KVM,7
gulp,7
Horticulture,7
Solid Principles,7
OTM,7
Jwt,7
voip,7
Er Studio,7
Board Bringup,7
DBT,7
correspondence,7
Vapt,7
Lighting,7
qtp,7
bugzilla,7
jvm,7
Redhat Openshift,7
Solarwinds,7
Ahmedabad,7
Attention To Detail,7
Metrology,7
VHDL,7
Metallurgy,7
FPA,7
Mulesoft Anypoint Platform,7
Fortigate Firewall,7
Gd,7
NumPy,7
D365,7
Matplotlib,7
Amplitude,7
mvp,7
Zoho Books,7
DAX,7
logging,6
hypermesh,6
MQTT,6
Powder Coating,6
PID,6
jd edwards,6
sketching,6
Switchyard,6
Palo Alto,6
vulnerability scanning,6
hil,6
canalyzer,6
Support Services,6
Vice President,6
fda,6
Interior Works,6
Video Editor,6
JBPM,6
Adhesives,6
P&ID,6
bpmn,6
Replication,6
Discoverer,6
KQL,6
Innovation,6
Measuring Instruments,6
NPI,6
Unigraphics,6
Kaizen Implementation,6
Atpg,6
Logic Apps,6
transmitters,6
MFG,6
GTAW,6
pmo,6
Audio,6
Payment Domain,6
x12,6
t24,6
Appian,6
Annotation,6
function modules,6
gtm,6
Wiring Harness,6
aop,6
auto scaling,6
Camunda Bpm,6
Elevators,6
Injection Mould,6
fundamentals,6
MVP,6
GDB,6
OLTP,6
subject matter expertise,6
app-v,6
cryptography,6
citrix vdi,6
Scan Insertion,6
Thermodynamics,6
Helm Charts,6
Principal,6
Manhattan,6
OMS modules,6
Connectors,6
Uk,6
DBA,6
Audio Visual,6
board bringup,6
Shopify Customization,6
Quantitative,6
camunda bpm,6
Air Compressor,6
Valuation,6
Cooling Tower,6
Remote support,6
texturing,6
MTBF,6
gpo,6
high availability,6
Adb,5
Raw Material,5
articulate,5
articulate storyline,5
Entry Level,5
iq,5
launchpad,5
GPT,5
Huggingface,5
instruments,5
Jewellery,5
TLM,5
Green belt,5
peoplesoft,5
Managed Services,5
OTL,5
5G,5
time tracking,5
Raw material,5
itam,5
O365 Admin,5
test harness,5
dfm,5
f5,5
Bod,5
Exchangers,5
intellimatch,5
pricing strategy,5
documentum,5
pki,5
tdm,5
jni,5
Discovery,5
Flow Meter,5
ilm,5
ODA,5
Dashboarding,5
jamf,5
Background Verification,5
authentication,5
vb script,5
ibm sterling integrator,5
pv,5
Product innovation,5
websphere message broker,5
Bmc Remedy,5
Strategic partnerships,5
Platform Engineer,5
Snaplogic,5
Go-to-market Strategy,5
microstrategy,5
change request,5
financial markets,5
Diploma,5
vdi,5
Hugging Face,5
amba,5
nav,5
Accountancy,5
Occupational health,5
Maximo,5
seeburger,5
Uipath Orchestrator,5
Fasteners,5
ALM,5
drug discovery,5
Mixed signal,5
solutioning,5
BTP,5
Lab Instruments,5
DFM,5
Investigation,5
WTX,5
HIL,5
Stateflow,5
generators,5
arbortext epic editor,5
customer retention,5
Information retrieval,5
formal verification,5
Goroutines,5
Native App,5
Telematics,5
Subcontractors,5
Transcription,5
Vernier Caliper,5
Augmented Reality,5
Stamping Parts,5
4G,5
Composing,5
derivatives,5
Timing closure,5
unica campaign,5
solution architect,5
signal integrity,5
Wireframing,5
Sailpoint,5
Vertex Ai,5
Websphere,5
creative solutions,5
ppm,5
Blob Storage,5
Nutanix,5
AI Engineer,5
protractor,4
Psychology,4
structural,4
Lotus Script,4
reservation,4
piping,4
autopilot,4
retention,4
store keeping,4
Ground Mount,4
Current Owner Search,4
SageMaker,4
hazard identification,4
ATM,4
Decision Tree,4
hazop,4
Bill Certification,4
nltk,4
Solar Rooftop,4
demandware,4
guest satisfaction,4
Canalyzer,4
abbyy,4
Step Functions,4
root canal treatment,4
ota,4
gaming,4
bw 4hana,4
Interior Trims,4
Jamf,4
hardening,4
primavera,4
die making,4
funding,4
Oak,4
Vivado,4
Mainframe,4
Telephony,4
snaplogic,4
microstation,4
record keeping,4
Oauth 2,4
computation,4
gmp,4
timing closure,4
emulators,4
physical verification,4
group policy,4
Capacitors,4
convergent charging,4
Mango Db,4
Akka,4
Greenplum,4
tlm,4
Optimizely,4
mql,4
alv,4
Vault,4
Temperature,4
Transmitters,4
Bpmn,4
Transportation,4
Arm Cortex,4
economics,4
Ergonomics,4
nlp,4
Mulesoft developer,4
Crowdstrike,4
Tia Portal,4
rostering,4
infoblox,4
tekla structures,4
Model Driven Apps,4
composing,4
color theory,4
signalling,4
Shop floor,4
Jetpack Compose,4
Diesel Generator,4
Piping Layout,4
BPM,4
3gpp,4
APM,4
golden gate,4
Idp,4
worksoft certify,4
Hematology,4
Adam,4
Instructor,4
Corrosion,4
framemaker,4
Sop Preparation,4
Oscilloscope,4
bmc remedy,4
Visual Effects,4
Aftereffects,4
akamai,4
impala,4
xpath,4
hydrology,4
PPM,4
Economics,4
managed file transfer,4
Laser Cutting,4
Avp,4
silk performer,4
OIM,4
Couchbase,4
Loop Diagram,4
Conversions,4
Lambada,4
Forgerock,4
otn,4
arm cortex,4
server side,4
Video conferencing,4
Record Keeping,4
Knowledge of 4QT,4
Wireshark,4
Gem Portal,4
huggingface,4
Paint Shop,4
Model Validation,4
Sterility,4
Global Strategy,4
Molecular biology,4
ASNT Level,4
TQM,4
Precision Component,4
Computation,4
Aluminium,4
attention to detail,4
Bdm,4
Box,4
Motion,4
Micrometer,4
Logging,4
PDM,4
Draughtsman,4
Magento 2,4
Paint Industry,4
financial products,4
Fast Formula,4
message broker,4
Payment Followup,4
aix,4
Clustering,4
tibco ems,4
licensing,4
Aix,4
mixed signal,4
Metallurgical Lab,4
Alm,4
Siemens S7,4
Cocoa Touch,4
telephony,4
browser compatibility,4
Bug Tracking,4
Silverlight,4
WWTP,4
Retention,4
toad,4
Bought Out,4
F5,4
ibm db2,4
Sprinkler,4
Dialogflow,4
solar energy,4
OpenTelemetry,4
Graphical Mapping,4
car evaluation,4
Odhav,4
Metro Rail,4
Caesar II,4
GIS Substation,4
hdl,4
NI LabVIEW,4
HAL,4
Verilog HDL,4
GLP,4
Foundation,4
er studio,4
Wind Energy,4
WireShark,4
Press Part,4
Can Protocol,4
Hyperion Essbase,4
VAT,4
webdriverio,4
Open Telemetry,4
visualiser,4
8D,4
QTP,4
Shopify Plus,4
iterative,4
fbdi,4
nvh,4
Appliances,4
encryption technologies,4
segmentation,4
Looker Studio,4
virtualization,4
remote sensing,4
Crystal Report,3
jda,3
Product Knowledge,3
Virtual Agent,3
dbt,3
VFX,3
opd,3
Tech Careers,3
Productivity,3
Custom App,3
Electrical works,3
Logical Approach,3
Juniper Routers,3
DDD,3
adf,3
Domino,3
Glazing,3
ITBM,3
DevSecOps,3
tax returns,3
Synthesis,3
Subversion,3
adfdi,3
WIX,3
wireframe,3
akka,3
oim,3
Injection moulding,3
Lotus Notes,3
Printed Circuit Board,3
orm libraries,3
Work From Home,3
Molecular Biology,3
OSI Model,3
Logic Verification,3
White box,3
Open Shift,3
blazemeter,3
Ahu,3
NLD,3
user provisioning,3
Forge Shop,3
VTL,3
MDX,3
Precision,3
windchill customization,3
P2P,3
continuum,3
OmniScript,3
tool making,3
Curtain Wall,3
Blazemeter,3
tool room,3
Limestone,3
Model Driven,3
Ilm,3
Storage Domain,3
Jvm,3
GWT,3
synthetic,3
Avaya,3
Oci Admin,3
qliksense,3
Spare Parts,3
radiology,3
Lotus Domino,3
arcgis server,3
gvp,3
refraction,3
PDI,3
wind energy,3
Tool Trials,3
132Kv,3
Junior Staff,3
FlexCards,3
Lubricants,3
Representative,3
Material Selection,3
Financial markets,3
ooa,3
Sketching,3
Solutioning,3
Tap,3
OLP,3
service improvement,3
BGP,3
Device Driver,3
advanced c,3
Waste water treatment,3
discovery,3
KQL dashboards,3
Test Complete,3
Honeywell,3
Ansys Maxwell,3
shift engineer,3
playwright,3
Cable Schedule,3
802.11,3
8d,3
page object model,3
physiology,3
productivity,3
Wireframe,3
Itx,3
Xslt Mapping,3
FBDI,3
Page Object Model,3
Device Drivers,3
wiring diagram,3
Pingfederate,3
Fundamentals,3
J1939,3
Pam,3
Carrier Hap,3
ventilation,3
vod,3
Waste water,3
webmethods,3
Unica Campaign,3
Financial inclusion,3
Low Voltage,3
audio visual,3
weblogic admin,3
Vulnerability Response,3
Protein Purification,3
24X7,3
Iiq,3
IBM DB2,3
Rolling Stock,3
powertrain,3
Battery Charger,3
navigation,3
Ham,3
Mainframe developer,3
Event Hub,3
Gad,3
document review,3
Product strategy,3
FDA,3
Rcc Structures,3
axi,3
Log Shipping,3
Single line diagram,3
Segmentation,3
batch script,3
lauterbach,3
oam,3
sterling oms,3
instrument cluster,3
Iot Device,3
objective c,3
promotions,3
Injectables,3
Backbone.Js,3
Rolling Mill,3
ai platform,3
idq,3
Time Series,3
solution implementation,3
loss prevention,3
WAF,3
oltp,3
Amdp,3
Redshift Db,3
surfacing,3
Insulation,3
Articulate Storyline,3
Master CAM,3
qlik sense,3
Photography,3
incentives,3
Piping Stress,3
AI Trainer,3
Ultrasound,3
Odm,3
Enhancements,3
Captivate,3
Theme Customization,3
Method validation,3
Vlocity Omniscript,3
Fat,3
Product Analyst,3
Audio Conferencing,3
Video Conferencing,3
Scheduler,3
Ibm Iseries,3
MBD,3
Fraud Detection,3
Document Preparation,3
HANA DB,3
Low Latency,3
quantum,3
5S Methodology,3
Amba,3
strongloop,3
Tomcat Server,3
AMDP,3
Unity,3
pbx,3
lucidchart,3
Door Trims,3
financial institutions,3
Ibm Bpm,3
toxicology,3
Lead Qualification,3
Prospecting,3
tagging,3
C++ Developer,3
Ladder Logic,3
map,3
Elementor,3
Mainframe Db2,3
advanced statistical,3
Functions,3
glm,3
Ticket queues,3
765kv,3
db dba,3
n8n,3
lld,3
Mivan Shuttering,3
zoho,3
Abb Robots,3
mx,3
Knockoutjs,3
annotation,3
Instrument Index,3
hql,3
replication,3
Strategic Thinking,3
Postman Tool,3
placement,3
GP,3
IPV4,3
pmi,3
GD & T,3
practical knowledge,3
JD Edwards,3
Bop,3
Tlf,3
Ethical Hacking,3
Heat Ventilation Air Conditioning,3
Device drivers,3
mechanics,3
vfd,3
minitab,3
Siemens Nx,3
Ai Prompting,3
brand strategy,3
Generators,3
power pivot,3
okta,3
consumer goods,3
Load Calculation,3
lighting,3
Forcepoint,3
JIT,3
backbone.js,3
resharper,3
Polyworks,3
Ftth,3
Group Policy,3
Radiology,3
NTTF,3
Servo Motors,3
Ibm Mq Series,3
Financial Modelling,3
Creo Parametric,3
Product Strategy,3
alv reports,3
Ibm Sterling Integrator,3
Gpon,3
Node Express,3
Sterling Integrator,3
Sop preparation,3
Idq,3
Load Flow,3
Solar Power,3
Literature,3
sterling integrator,3
ruby rails,3
graphical mapping,3
Driveline,3
Katalon Studio,3
pdi,3
Forging Press,3
Mongo,3
pareto charts,3
Qbd,3
JLPT,3
Uft,3
oscilloscope,3
model driven,3
sterling commerce,3
Qlik Sense,3
low voltage,3
OIC Consultant,3
llb,3
mdt,3
Physical verification,3
jlpt n2,3
Dlp,3
Minitab,3
Vehicle Dynamics,3
Express.js,3
wdm,3
Forging Dies,3
HFM,3
Webdriverio,3
serverless,3
2025,3
ug nx,3
SonarQube,3
Tdd Bdd,3
global,3
Document review,3
Dissolution,3
loyalty,3
High Availability,3
kibana,3
Lgd,2
Dimensioning,2
DPT,2
fault detection,2
Temperature Gauge,2
On-page Optimization,2
Change Request,2
365,2
Tabular Model,2
ott,2
Financial Instruments,2
native app,2
Marine structures,2
supervised learning,2
Bmc Discovery,2
Defect Tracking,2
telematics,2
Kdb,2
consumables,2
Employee Verification,2
BoQ,2
yoga,2
Bgv,2
Express Server,2
Facebook Ads,2
Federation,2
Quantum Computing,2
Tax Returns,2
GMAW,2
K6,2
SOLID principles,2
Arista Switches,2
Arm Templates,2
Singleton,2
NVH,2
ndk,2
mpp,2
Yokogawa Dcs,2
Gtm,2
Aura Components,2
geoserver,2
OS DB Migration,2
Cosmos DB,2
2/4 Wheeler,2
tvs motors,2
bajaj,2
ITX/WTX,2
GPO,2
LDO,2
765KV,2
Omni Studio,2
Request For Proposal,2
Professor,2
UV,2
Dc Dc Converter,2
cocoapods,2
Growth strategy,2
Bw 4Hana,2
IPO,2
Infoblox,2
Autonomous Vehicle,2
GPM,2
IXIA,2
Win 32,2
Econometrics,2
Under Body,2
Proteomics,2
Objective-C,2
Loop,2
itp,2
400kv/220kv,2
Appian Bpm,2
auto level,2
Vertex AI,2
Geometric Dimensioning & Tolerancing,2
vande bharat,2
Tool room,2
caesar ii,2
blueprint,2
DCS Operation,2
Loyalty,2
fault tolerance,2
Contract Labour,2
Stamping Dies,2
Fanuc Robots,2
DC Motors,2
Engine Calibration,2
BADI,2
veritas backup,2
Carbon Black,2
glbp,2
Bgp Routing Protocol,2
aruba wireless,2
Digsilent,2
33Kv,2
Title Examiner,2
Principal Investigator,2
Mobile SDK implementations,2
module pool,2
ipv4,2
AXON,2
exit interviews,2
C License,2
Asme Standards,2
support engineer,2
mid server,2
Solar Inverter,2
Hydrocarbon,2
vehicle dynamics,2
Ios Native,2
Cytoscape,2
Golden Gate,2
tabular model,2
Object Detection,2
Okta,2
jlpt,2
WebDynPro,2
ownership,2
Episerver,2
ddd,2
NVIDIA edge platforms,2
Color Correction,2
hyperworks,2
Aeronautics,2
Reltio MDM,2
Solid Mechanics,2
Identityiq,2
Blow Moulding,2
Ogma,2
Standardization,2
Engineer Trainee,2
smart metering,2
Gold,2
Badi Implementations,2
Ontap,2
Aoi,2
Height Gauge,2
mail server,2
Aem Forms,2
765kv/400kv,2
FortiSIEM,2
installshield,2
anypoint platform,2
Power house,2
functions,2
agentic AI,2
Lighting Calculation,2
Medium Voltage,2
Close Out Visit,2
MWP,2
Pyqt,2
Thermocouple,2
Text mining,2
hitachi storage,2
21 Cfr Part 11,2
NICE CXone,2
Toad,2
Postilion,2
FDI,2
energy modelling,2
Trainee Engineer,2
Broadcom CA TDM,2
Pattern Making,2
Lotus 123,2
Predictive,2
Product Validation,2
Video Compression,2
pdm link,2
haematology,2
Duck Creek,2
Sharegate,2
Flutter Developer,2
Omni,2
Artifacts,2
Belt Conveyor,2
lakehouse,2
Articulate,2
gatling,2
night shift,2
layout,2
Coal Mining,2
Extraction,2
FBD,2
Structural Components,2
Boom Structure,2
Time Keeping,2
Freeswitch,2
nabl,2
PaaS solutions,2
guest relations,2
Managed File Transfer,2
mapreduce,2
Dell Boomi Atomsphere,2
EPM Architect,2
Contentful,2
stateflow,2
ALCOA-C principles,2
Ftd,2
Spray Painting,2
derivative market,2
IATF 16949,2
Kong,2
5 Why,2
Instagram,2
accident investigation,2
Moulding,2
Authoring,2
Matillion,2
PGT,2
Compounding,2
Dynamics 365 F&O,2
iiq,2
AS400 Developer,2
BOQ Preparation,2
HT Motors,2
LT Motors,2
Ivd,2
Underground,2
Consultancy,2
Budget Preparation,2
pwm,2
nunit,2
Document Review,2
Buying,2
Nhai,2
Epidemiology,2
dnp3,2
gatp,2
lopa,2
flow meter,2
dwdm,2
km,2
quoting,2
negotiate,2
provisioning,2
Shift In-Charge Auto Components,2
shift incharge,2
audio annotation,2
Authentication,2
Computational Biology,2
Flow Charts,2
Pcb Soldering,2
altium,2
MQ Series,2
Geophysics,2
Compactlogix,2
Alv Reports,2
Progressive Dies,2
Progressive Tool,2
silicon validation,2
Map,2
Rubber Molding,2
job portals,2
Rubber Moulding,2
Fttx,2
lgd,2
as400 admin,2
temperature gauge,2
Unity Catalog,2
ar caller,2
Yii,2
Storage Tanks,2
Staff Augmentation,2
PMO,2
Copilot Studio,2
storage account,2
providing,2
DOMAIN VERIFICATION,2
OAF,2
Nbc Codes,2
Mirroring,2
Gas Chromatography,2
Sizing Calculations,2
Mainframe Support,2
App-V,2
Installshield,2
hfm,2
Material Engineer,2
Tank,2
Converter,2
ITX,2
IBM Transformation Extender,2
IBM ITX,2
Ownership,2
mqtt,2
arm templates,2
Code Deploy,2
WASTE WATER,2
davinci configurator,2
Government Relations,2
Cryptocurrency,2
charles river,2
Foam,2
Scientist II,2
dashboarding,2
ILT,2
Db Dba,2
Tagging,2
Sagemaker,2
pvwa,2
Coroutines,2
Surface Treatment,2
foundation,2
report studio,2
atdd,2
professor,2
Food & Beverage,2
Stibo Mdm,2
collaboration,2
Storm Water Drainage,2
pp-qm,2
Microchip,2
discoverer,2
Tulu,2
Power Pages,2
journalism,2
Structural Draftsman,2
2D Animation,2
Multimeter,2
qxdm,2
Fixed Point Conversion,2
Vector Db,2
pi / po,2
ATPG,2
iad,2
appian bpm,2
offline storage,2
smartsketch,2
Off-page Optimization,2
Two Wheeler,2
MQL,2
Quote Preparation,2
Duck creek DMS,2
Logical Reasoning,2
Siemens Tia Portal,2
HP ALM,2
NDT Level,2
imap,2
pop,2
helm charts,2
Contract Engineer,2
Product Listing,2
fortigate firewall,2
AV Engineer,2
strategic thinking,2
Product portfolio,2
app exchange,2
Bpt,2
Physiotherapy,2
primavera p6,2
A2A,2
Employee Grievances,2
.,2
nfv,2
imaging,2
gpp,2
Alation,2
successfactors compensation,2
Transfer pricing,2
dql,2
splunk es,2
exchange online,2
Consumer insights,2
mom,2
MFA,2
workbench,2
Pim,2
oaf,2
maintain,2
Document Checking,2
HAM,2
retirement benefits,2
hashicorp vault,2
Kafta,2
Butterfly,2
Modbus Protocol,2
Obd,2
Fermentors,2
mt,2
aadconnect,2
bug tracking tool,2
Productivity Improvement,2
Pathology,2
cs fundamentals,2
codeigniter,2
asset integrity,2
eclipse ide,2
product vision,2
fraud investigation,2
fraud detection,2
accountancy,2
exacttarget,2
scan insertion,2
lint,2
TDM,2
Logistic Regression,2
IC Engines,2
bop,2
Cutting Tool,2
Verification Engineer,2
protocol analyzer,2
test complete,2
Material Take Off,2
pcb layout,2
memory optimization,2
kofax,2
matrimonial,2
event driven,2
Trustzone,2
Fraud Investigation,2
odm,2
determination,2
aaa,2
swift messaging,2
Shuttering,2
bug tracking,2
Wiring harness,2
Event Mesh,2
Ahb,2
xilinx,2
Mapreduce,2
Chartered Accountant,2
Counsellor,2
IGMP,2
Splunk Es,2
mainframe,2
lotus notes,2
Wholesale,2
Axi,2
OmniScripts,2
Gxp,2
Compression,2
Tail Lamp,2
Staff augmentation,2
T24,2
redhat satellite,2
employee referral,2
OVM,2
occupational health,2
Sequencing,2
product catalog,2
TPA,2
Analog Layout,2
Supplier Selection,2
Primetime,2
Public relations,2
customer interface,2
Omi,2
IP Addressing,2
GA4,2
Brand Ambassador,2
Opentext Exstream,2
NNMi,2
lead qualification,2
sterling file gateway,2
bluetooth,2
X12,2
FAW,2
Retrospective,2
omni,2
domo,2
Night Shift,2
luw,2
12th,2
Sprint Review,2
peoplesoft admin,2
Recording,2
JCL CICS DB2 Jobs,2
financial concepts,2
Overhauling,2
irrigation,2
Mainframe Engineer Careers,2
air cargo,2
Stored Procedure,2
Suspension,2
Pyomo,2
mto,2
sewergems,2
flowcharts,2
servo motors,2
Smartforms,2
Decision Making,2
Tool Setting,2
engine calibration,2
Cable schedule,2
UFT,2
Davinci Configurator,2
OTA,2
P & ID,2
Goneo Photometer,2
consultancy,2
LM 79,2
Worksoft Certify,2
preventive action,2
Ruby on Rails,2
TIBCO EMS,2
DB connection pooling,2
Sterling Commerce,2
MPI,2
Galvanizing,2
CMDB structure,2
AJO,2
js libraries,2
Turbo Integrator,2
Serverless,2
Provident fund,2
Function Apps,2
Rice Components,2
Webmethods,2
component selection,2
visionplus,2
primetime,2
Wiring Diagram,2
Transport Executive,2
Linear motion Guide,2
supplier evaluation,2
Peripherals,2
ibm bpm,2
Tivoli,2
Ibm Sterling,2
Job Portals,2
Pile Foundation,2
Battery Pack,2
Surfacing,2
Exchange Online,2
dvb,2
Aerodynamics,2
MID Server,2
method study,2
lng,2
l2,2
Zoominfo,2
offshore platforms,2
splunk admin,2
Bill Verification,2
wxwidgets,2
MOM,2
v2,2
Selection,2
Incentives,2
xunit,2
Nltk,2
Powermill,2
Index Optimization,2
Continental,2
Indian,2
PTP,2
Air compressor,2
Cross Platform,2
Win32,2
Low Voltage Switchgear,2
Genrocket,2
Lightspeed,2
ADB,2
QXDM,2
vectorcast,2
Vector DBs,2
Maya,2
concreting,2
matplotlib,2
Vulkan,2
vnx,2
Aircraft Structures,2
shuttering,2
3Gpp,2
pulumi,2
agent force,2
Ceph Storage,2
Nokia,2
Puppeteer,2
gxp,2
App Insights,2
CodeIgniter,2
Impala,2
opentext vim,2
Motherboard,2
Standard room,2
vim,2
Cosmetics,2
SolarWinds,2
Storyline,2
GTM,2
GPU,2
asset allocation,2
Delmia V5,2
Auto Parts,2
Mim,2
Delta Lake,2
idm,2
Subject Matter Expertise,2
product stewardship,2
N3,2
puppeteer,2
Brand Strategy,2
passive cabling,2
Audio Codecs,2
RF Survey,2
Clinical Psychology,2
Payment Solutions,2
xslt mapping,2
Child Psychology,2
Quantity Surveyor,2
refactoring,2
WDM,2
IDQ,2
proof of concept,2
ITP,2
MapReduce,2
fortigate,2
abstracting,2
Rack Servers,2
Temenos T24,2
SAM Certification,2
audio,2
Energy conservation,2
brokerage,2
hdd,2
Documents Scanning,2
PNL,2
ClickHouse,2
alv on hana,2
custom objects,2
valuation,2
ALV,2
Dwh Implementation,2
Standard Room,2
interactive reports,2
III,2
DB2 DBA,2
jbpm,2
bw on hana,2
Oodo,2
Electroplating,2
MDG,2
Bugzilla,2
D 365,2
Js Libraries,2
COBOL Developer Pune,1
Aluminium Extrusion,1
localization,1
target-driven,1
Connectwise,1
RCC Structures,1
Graduate Trainee,1
Case Studies,1
PL/1,1
inheritance,1
Mainframe Developer Jobs Chennai,1
Roll Forming,1
BOI,1
ATCI-4643109-S1789329,1
DXF,1
Aaa,1
Ray Tracing,1
Reinforced Cement Concrete,1
Draftsight,1
Kotlin Coroutines,1
Induction Furnace,1
Geography,1
ATCI-5056945-S1874279,1
Geoinformatics,1
RAG pipeline,1
ATCI-4643115-S1789323,1
Testset OPM,1
Outsource Engineer,1
Koin/Hilt,1
ATCI-5004557-S1863617,1
JetBrains Compose Multiplatform,1
PIM solutions,1
Dimension,1
bought-out,1
disa matic,1
Mooney Viscometer,1
Physical Verification,1
Viscosity,1
Promoter accounts,1
False Ceiling,1
Geoscience,1
Catscripts,1
Steel Industry,1
Why Why,1
PowerBI workspace,1
Accountancy Fundamentals,1
Reinforcement,1
Genesys Ivr,1
Sinhagad Road Pune,1
Instrument Calibration,1
nice actimize,1
Upper Body,1
Appium.,1
Qlik Replicate,1
ATCI-5063183-S1873003,1
ATCI-4996254-S1873526,1
Patient based,1
Mainframe Developer Jobs,1
Caliberation records,1
ATCI-R1-S1867634,1
resilient,1
COBOL Developer Bangalore,1
Self Motivated,1
STLC QA Jobs India,1
IIW,1
Target Orientaed,1
Concurrent,1
genesys developer,1
Wood Working,1
Custom Scripts,1
entertainment,1
Cards Domain,1
MDM implementation,1
Resume Developer,1
Boom Barrier,1
television,1
High-Speed Steel,1
Manager Tool Room,1
Bdd / Tdd,1
53481,1
47622,1
Montessori,1
49646,1
Material Availability,1
Lopa,1
broadcasting,1
37430,1
engineer any UG PG,1
ZIO,1
38120,1
problem determination,1
UTM,1
Demonstration,1
ATCI-4916536-S1851998,1
auto components,1
47337,1
traceability matrix,1
Characterization,1
Native Module,1
optometry,1
h323,1
Atoll,1
product selection,1
AI-driven classification,1
Molecular,1
quantlib,1
Autoclave,1
NDT CERTIFICATE FOR QA/QC,1
Windchill Developer,1
Plumbing modeller,1
Migration scripts,1
Tower Erection,1
information gathering,1
43233,1
market mix modelling,1
HT License,1
47118,1
Vuex/Pinia,1
Jest  Mocha  Cypress,1
Parts Replacement,1
AGV,1
sip trunking,1
ATCI-5003199-S1864503,1
MWAA,1
POP,1
ATCI-5015974-S1867789,1
event correlation,1
Metal Detector,1
Checkware,1
X Ray Scanner,1
shopify apps,1
Message Broker,1
IDMC migration,1
Preparation of liaison timeline,1
vat,1
Physical Model,1
NDT level,1
Info Packages,1
Quotationa,1
ATCI-4979753-S1861383,1
Info Cubes,1
Insulators,1
Zinc Plating,1
Ootb,1
Synopsys Vcs,1
respberry pi,1
private label,1
pgp encryption,1
Micro win Smart,1
Route Survey & Soil Investigation,1
NI Veristand,1
Developer or Tester,1
Tolerance,1
DNN,1
37496,1
49437,1
Ping Id,1
SailPoint IIQ,1
TOSCA  TESTER,1
Electromigration,1
ATCI-5004553-S1863613,1
ATCI-5047687-S1870727,1
smart grid,1
Air Brakes,1
MOEF consultant,1
ATCI-5028640-S1874077,1
Encoder-Decoder Models,1
Dynamcs solutions architect,1
Second Home,1
ATCI-5028526-S1869311,1
proposal preparation,1
dropshipping,1
AR modules,1
Zoology,1
FPM,1
conveyors,1
elevatore,1
ATCI-5026824-S1873754,1
ATCI-R1-S1861932,1
VTP,1
wix,1
Cards Portfolio,1
Level 2 Support,1
IBM Guardium,1
tool modification,1
Teststand,1
Akamai,1
Requirement gathering,1
Shift Electrical,1
Ticket Booking,1
documents,1
cable sizing,1
IP Routing,1
flight,1
lovable.dev,1
bpm,1
Coagulation,1
Group Vice President,1
MP-BGP,1
Structural Finishing Engineer,1
Green Belt,1
Finishing Engineer,1
ibm iseries,1
Tanium,1
jython,1
ATCI-5059206-S1874114,1
Ollama,1
Electric Powertrain,1
Pyhton,1
Passenger Vehicle,1
strategic prospecting,1
sprint review,1
MDM solutions,1
Aac Blocks,1
TPA Coordinator,1
Aruba Switch,1
IIOT,1
predictive model,1
Gas Analyzers,1
Rigging engineer,1
Peb Structure,1
270,1
835,1
OPD,1
PE LICENSE,1
Aruba Wireless,1
Piping layouts,1
Ptf,1
strategic supplier,1
EKS clusters,1
visualizations,1
Mdf,1
Product Vision,1
Grasshopper,1
LabView + HIL,1
Installer Packages,1
fto,1
Plywood,1
AgenticAI,1
aurora db,1
North-Bound,1
ATCI-5026368-S1873890,1
TBA,1
Product pricing,1
UDM,1
Product Upgrades,1
Swift Messaging,1
dkim,1
m3,1
Payment Investigation,1
Logistic Coordinator,1
Creo Cabling,1
Hashicorp Vault,1
aht,1
ATCI-R1-S1867756,1
Forklift Operator,1
Amx,1
stress enngineer,1
Install base,1
Schneider,1
Rebate Calculator,1
Claim Validation,1
Rust Developer,1
Purview DLP,1
PVT,1
holiday packages,1
Kamailio,1
tac engineer,1
Lingo,1
Weld Shop,1
Blueprint,1
professional environment.,1
push notification,1
MT,1
Aggregate,1
Free Format Rpg,1
744000076036886,1
Budget preparation,1
maximo developer,1
pipe stress,1
Petrol Engines,1
ibm maximo,1
Gis Mapping,1
mapping,1
Redis Caching,1
GxP,1
OBD,1
744000076036984,1
gad,1
Sequelize,1
avfoundation,1
TNA,1
Lab Technologist,1
Andrology,1
Two wheeler Mechanic,1
Petrol bike Mechanic,1
MSC Nastran,1
Adk,1
MDG Central Governance,1
noodle packing,1
Waterfall Methodology,1
ScriptRunner,1
Structural Detailing,1
RAG Expertise,1
Factory Layout,1
Oil & Gas Industry,1
compilation,1
ATCI-5047579-S1869435,1
ATCI-R1-S1867617,1
Probability Of Default,1
ATCI-4973509-S1873954,1
GPIB,1
ATCI-4973512-S1873953,1
blob storage,1
ATCI-4914157-S1852205,1
nutanix,1
ATCI-4973542-S1873965,1
NI DAQ,1
model governance,1
PXI,1
Multimodal AI,1
Virtual ECU,1
ATCI-5008922-S1874526,1
ATCI-5026402-S1873473,1
quant,1
dell boomi,1
XAI.,1
SmartDeviceBERT,1
ATCI-4998418-S1864639,1
IIM,1
winshuttle,1
gold,1
model-driven apps,1
TPT,1
DHCP Server,1
d365,1
concentrix,1
mimo,1
ibm optim,1
Remedy Developer,1
Open items,1
piping  Chillers,1
Advanced Calculus,1
Mock Drill,1
Firewall Specialist,1
Pneumatic,1
ATCI-5053230-S1873873,1
schedule metting,1
River Rejuvenation,1
pam,1
Strategic Purchasing,1
ArcGIS Online,1
IP4G,1
Ibm Powervm,1
Mammalian cell culture,1
ATCI-4960708-S1860797,1
oak-d,1
ArcGIS Server,1
Foam Pad,1
Lambda Functions,1
Material MDM,1
pom,1
Industry 4.0 experience.,1
38184,1
Familiar with standard interfaces,1
Quantity surveying,1
Addm,1
Atrium Integrator,1
ATCI-4930242-S1854480,1
implementing,1
oum,1
ATCI-R1-S1867635,1
Dap,1
Investment Strategies,1
Load calculation,1
Advanced Approvals,1
WindBG,1
Katalon Studio Jobs,1
52509,1
cots products,1
beyondtrust,1
galera cluster,1
Drools Rules,1
28816,1
AIOC-S01591746,1
db migration,1
Fusion Financials,1
pll,1
nmap,1
bmc truesight,1
catchpoint,1
C++ developer,1
SCCM solutions,1
dell boomi atomsphere,1
avaloq,1
temenos t24,1
parameterization,1
Adl,1
IOT Hub,1
23779,1
Breaker selection,1
dynamic routing,1
XPATH,1
ATCI-4643102-S1789336,1
Storm water drainage,1
Cable sizing,1
Kolkata,1
PAM,1
advance anaklytic,1
ATCI-4825291-S1850409,1
ipv,1
verilog hdl,1
bada,1
Avaloq,1
HyperWorks,1
Npm,1
Instrument index,1
Retention Strategy,1
4HANA,1
Supplier Evaluation,1
Godaddy,1
Inco Terms,1
Red Hat OpenShift,1
wireless protocol,1
WHO,1
ASME B31.3,1
tagging conventions,1
rational doors,1
Secondary,1
Broaching,1
Rubber Compounding,1
ATCI-4793854-S1873214,1
ibm rational,1
Vanilla,1
Creative Strategy,1
Campaign Strategy,1
Logo,1
Stewardship,1
roi model,1
Developer Advocacy,1
ITK,1
homogenizer,1
Robotics AI,1
Rsa Archer,1
app script,1
Splunk Administrator,1
Splunk Poweruser,1
DMN,1
purchasing policies,1
purchasing procedures,1
LS Central,1
Derivatives,1
Unity Relays,1
Tuv,1
CAN/CAN FD/SPI/I2C,1
Storm Water,1
MTTD,1
Visual Lighting,1
Trane Trace,1
Pooling Substation,1
Grid connections,1
Pi / Po,1
GAMP 5,1
Llamaindex,1
Chief of Staff,1
UL/IEC STANDARDS,1
Nexus Switches,1
Embodied AI,1
online r&d,1
Macos Internals,1
solar division,1
IP Telephony,1
Accountant,1
HAP,1
PDD,1
Gdal,1
Offline Storage,1
Maxl,1
EDI Mappings,1
Product Launch,1
Aircraft Structural assemblies,1
Styled Components,1
Tivoli Workload Scheduler,1
Connections,1
Radio Frequency,1
cnMaestro,1
Microwave,1
MBA,1
Robotics Technologies,1
Actuator selection,1
DB2 Admin,1
DB2 LUW,1
Luw,1
Looker Developer,1
TOSCA DEVELOPER,1
Solid Principals,1
whatsapp for cv  9216321822,1
CNAPP/Wiz.io,1
DocuSign CLM,1
Hybrid App,1
ATCI-5060018-S1873247,1
Ampscript,1
Test Scenarios,1
Cron Jobs,1
Line List,1
Dell PowerScale,1
Mariadb Server,1
color grading,1
Davinci Resolve,1
Navigation Component,1
monitor budgets,1
run A/B tests,1
Rockwell AB Micro800 series PLC,1
Siemen S7 1200,1
525 Series,1
STUDIO5000,1
Rockwell CCW V12,1
Personal secretary,1
Tool Making,1
AI Acumen,1
GuardDuty,1
Sample Preparation,1
IPad,1
Thales CipherTrust,1
Ultra viewer,1
TM1,1
visual paradigm,1
MAINFRAME DEVELOPER,1
agentforce,1
2d meshing,1
Wildfly,1
Gainsight,1
Ansys Workbench,1
Workbench,1
forcepoint,1
Block Pattern,1
l1,1
AIX,1
MI Report Developer,1
Talent Engagement,1
Native hana,1
Cornerstone,1
DWH,1
DMU,1
enclosure,1
selection,1
Encryption Key Lifecycle,1
Smartphone,1
Motion Study,1
Lift irrigation,1
AIOps Architect,1
Event Correlation,1
Responsible Ai,1
IS0 42001,1
IBM WatsonX.Gov,1
AIGP,1
GIS Solutions,1
EOT Cranes,1
Shipconstructor,1
HubSpot AI,1
Vector DB,1
Guardrails,1
Gemini 2.5 Pro,1
crypto investigations,1
forensics,1
Heuristics,1
Chainalysis,1
OFAC Sanctions,1
Address Clustering,1
Play Console,1
OPA,1
Diamond Grading,1
CrowdStrike,1
OAM,1
Splunk ITSI,1
augmented reality,1
Extra Low Voltage,1
Third party,1
Provident Fund,1
problem-solving mindset,1
Flue Gas Desulfurization,1
fgd,1
customizations,1
CE module,1
Molecular Cloning,1
protein characterization,1
gene expression,1
Molecular Biology Techniques,1
DNA Sequencing,1
One Identity,1
Centre Administrator,1
Stationary,1
basel iii,1
NVIDIA GPU,1
47636,1
42786,1
41462,1
37462,1
Fraud Prevention,1
AEM Developer,1
admin studio,1
ELV Engineer,1
syndication,1
Aveva Administrator,1
Soil Stabilization,1
Pavements,1
Gantry Cranes,1
Excavation,1
Cable Trenches,1
Compaction,1
Aem Assets,1
wireshark,1
ftd,1
mcafee epo,1
Wastewater Treatment.,1
tape libraries,1
satellite,1
Early Warning Signal,1
referrals,1
AS IS Assessment,1
Hard Working,1
Messaging Queue,1
Encryption Technologies,1
Jinja,1
image annotation,1
Polygon Annotation,1
VGG Image Annotator,1
Video Annotation,1
Buffer Hoppers,1
Nice Actimize,1
FTP adapter,1
boto3,1
migrations,1
Ref Cursor,1
Materialized Views,1
H.264,1
H.265,1
Offshore Platforms,1
lambada,1
pid,1
Pgadmin,1
Sling Models,1
PPQM,1
PP-qm,1
bfd,1
sip protocol,1
ThoughtSpot,1
employee satisfaction,1
Iec Standard,1
dimensioning,1
logic analyzer,1
Archaeology,1
Conservation,1
siemens s7,1
Signal integrity,1
multi server,1
Wherescape Red,1
3NF,1
street lighting,1
Powercurve,1
Apps Script,1
Vuex or Pinia,1
Agentic ai,1
IBM IIB,1
IBM MQ,1
ITOM Modules,1
refractory,1
adhesives,1
Always On,1
Electro Optical,1
Understanding of LLMs & GenAI Concepts,1
Agility,1
concurrent,1
Distributed Computing,1
Physiothaerapy,1
south India,1
Guest Satisfaction,1
Chartered Accountant Partnership,1
Product Optimization,1
A+ Listing,1
Ruby On Rails,1
openbridge,1
dfa,1
line shifting,1
Entomology,1
remedy developer,1
App Store Optimization,1
Functionize,1
Medallion,1
Institute,1
Coating Inspector,1
Painting Engineer,1
Painting Inspector,1
Student Engagement,1
Student Sucess,1
OIL,1
E -Commerce Validation,1
ATCI-4825584-S1848099,1
ATCI-5028527-S1869318,1
ATCI-4821442-S1846746,1
wpa,1
asset protection,1
Scheme & Pricing,1
Disciplinary action,1
Concurrent audit,1
aha,1
m365,1
HAZID,1
CRIO Platform,1
LTL,1
moveworks,1
PON,1
Polymer Compounding,1
Organic Synthesis,1
Validation Engineer,1
Compressed Gas,1
Western Blotting,1
Mongo Atlas,1
transcription,1
mainframe developer,1
Static Stress,1
Dynamic Stress,1
Protein Expert,1
itbm,1
Cell culture,1
tax law,1
pgw,1
FLEXCUBE solutions,1
Mainframe Developer,1
Dmx,1
T24 modules,1
Multus CNI,1
play,1
iiot,1
h1b,1
MVV,1
Die casting,1
OpenShift Virtualization,1
thermoforming,1
Kava,1
Campaign Optimization,1
Linkedin Recruiter,1
Batch Classes,1
DUT,1
Memory Verification,1
.lib,1
Nvm,1
Product vision,1
Offshore Oil,1
JMAG,1
Export house,1
Market Insights,1
LIGHT HOUSE DEALER,1
Webdriver,1
Websphere Mq,1
WAM,1
Copilot studio,1
product owner,1
pump room,1
NLP Generative,1
DEVELOPER,1
pama,1
Key Accounts Executive,1
Objective-C Ios,1
subject expertise,1
online classes,1
SLT Replication,1
intrusion detection,1
Zscaler ZPA/ZTCA,1
F5 LTM/GTM,1
Repository,1
tpa,1
Claim Payment,1
Eventbridge,1
Audio/speech codecs,1
ONNX,1
Denodo developer,1
xCode Gradle,1
Remote sensing,1
Address Verification,1
BBA,1
Graduate Engineer Trainee,1
Press Tool,1
PDN,1
PWD,1
ElastAlert,1
Mokito,1
Reverse Osmosis,1
Glideform,1
Gliderecord,1
Document Splitting,1
L2/L3 Fabrics,1
camera presence,1
NAT Gateway,1
PD1,1
GIS subtations,1
Ais Substation,1
Relay Logic,1
protection setting,1
Underground Cables,1
Archiving,1
AutoGPT,1
Waste Water,1
70721,1
PIDC23043401,1
PIDC23047601,1
ngfw,1
Dx,1
snapLogic,1
MATILLION,1
28414,1
Aerospike,1
induction,1
Pro-engineer,1
RSA Archer,1
GRC platform,1
IDM,1
WPQ,1
Liquidity forecast,1
Swiftlint,1
heat treatment engineer,1
Alv,1
Attribute views,1
calculation views,1
Induction & Orientation,1
kanchipuram,1
Kissmetrics,1
btg,1
zoho implementation,1
Hypermesh,1
Facility Engineer,1
Air Compressors,1
Brand Promotion,1
Brand Awareness,1
HV Substation,1
EHV Substation,1
765kV,1
Loki,1
anz,1
Methoding,1
Sand Casting,1
emergency lighting,1
Amonia,1
Multiplayer,1
Text Mining,1
boomi atoms,1
Tekla Structures,1
MFlow,1
HT furnace,1
Weblogic JMS,1
Spectrophotometer,1
mold,1
moulding,1
Veritas Backup,1
Lua,1
Pega Gen AI,1
OIDC Authentication,1
IoT Based Devices,1
Vb,1
Steel Detailing,1
Green Hydrogen,1
poka yoke,1
esim authentication,1
MDA,1
Distillation,1
Qlm,1
President,1
EDC Setup,1
tapping,1
TL9000,1
thermodynamics,1
NAV,1
Scientist - Invitro,1
Toolpath Creation,1
Component Engineer,1
Game Developer,1
auth,1
P&I Diagrams understanding,1
RH Sensors,1
pressure gauges,1
ATCI-5026825-S1869702,1
Rotational Shifts,1
Sustainable Transport,1
selectors,1
ExpressJS,1
Water Audits,1
Policy Advocacy,1
Chromatographic Techniques,1
Column Chromatography,1
Protein Expression,1
On Page Optimiztion,1
Adhesive Bonding,1
Centrifugal,1
Mbd,1
maab,1
Tdl,1
DEFECT TRACKING,1
Gen Ai Developer,1
STUDYING RFQ,1
icu ventilator,1
AI  pipelines,1
H264,1
CodeWhisperer,1
Mft,1
Sterling File Gateway,1
Financial industry,1
Tibco BW6,1
PEB connections,1
PEB structure erection,1
PEB alignment,1
Computational Geometry,1
Graph Theory,1
mpi,1
total rewards,1
Gas chromatography,1
B360,1
Grounding,1
AIOC-S01585140,1
AIOC-S01591720,1
AIOC-S01591722,1
ATCI-5003122-S1869741,1
product description,1
Item code,1
bsc bioinformatics,1
Breakdown Service,1
Package Engineer,1
Mulesoft support,1
Tafj,1
Sails.js Developer,1
Iron Ore Mining,1
Product Catalog,1
Product Pricing,1
pipe stress engineer,1
Iot Solution,1
Examination,1
Irrigation,1
message brokers,1
messaging queue,1
steel girder,1
Drug Discovery,1
Lithium Battery,1
Hub Motor,1
VPM,1
Geological Exploration,1
articleship,1
Kotlin multiplatform,1
MX,1
Golden path,1
Release governance,1
On-call experience,1
Polyglot,1
contractor,1
copyright,1
Liquid chromatography,1
Pwa,1
PL-100,1
PL-600,1
PL-400,1
PL-200,1
Powder filling lines,1
REGUALTORY REPORT,1
liquid chromatography,1
Impact Assessment,1
Impact Mapping/Assessment,1
QT widget,1
blockchain,1
visual effects,1
14,1
25,1
Baseline Schedule,1
Connector,1
HF,1
post-production,1
Discovery Studio,1
Proofpoint,1
DNV India,1
Cleaning Integrity,1
Pigging,1
Spectrometer,1
share quotes,1
photovoltaic,1
government relations,1
kuber flow,1
Sustainable change,1
3g,1
DWDM components,1
Gen AI platform,1
Qualtrics,1
IAP,1
LOT,1
Patient Journey,1
APLD,1
monolithic,1
Diploma Trainee,1
Error Identification,1
Hotel Mapping,1
Be Degree,1
enclosures,1
Smoke Detectors,1
Dashboard,1
Peoplecode,1
intergation broker,1
Dxf,1
NUTANIX,1
advocates,1
Steel Structure,1
ricef objects,1
chartered accountant,1
Making Reports,1
Homogenisers,1
Proposal Analyst,1
Troubleshooter,1
Manhattan Active,1
Budgetary,1
gpu,1
Multiload,1
Flexera InstallShield,1
Ibm Informix,1
Informix 4Gl,1
TECNOMATIX,1
Active Workspace,1
Changeman,1
IBM ODM,1
Gold Jewellery,1
Stability Studies,1
hire to retirement,1
Solution Engineer,1
Policy Issuance,1
KOL,1
Chart of Accounts,1
Flowcytometry,1
Immunohaematology techniques,1
Title specialist,1
Title analyst,1
Support Engineer,1
Claim Settlement,1
product launch,1
Clerical Jobs,1
Critical thinking expertise,1
Omniflow,1
Occupational Therapy,1
Led Lighting,1
Luminaries,1
Component Selection,1
0365,1
THREAT PROTECTION,1
Clinical startup activities,1
environmental,1
Metro rail,1
app signing,1
Financial Products,1
RCC grider,1
IRC Codes,1
Bare Metal,1
Group Policies,1
BOQ preparation,1
Custom Code,1
veeva vault,1
OpenAI GPT,1
Graph Db Modelling,1
Die Casting,1
Solid mechanics,1
Siemens NX,1
DFX,1
Block Diagram,1
Agm,1
Bug Tracking Tool,1
10th,1
anglo,1
Estimator,1
Illustrations,1
Midjourney,1
Liferay plugins,1
Liferay wrappers,1
Visa booking,1
pipetting,1
coagulation assays,1
IBM Instana,1
L1 L2,1
Singapore,1
Texturing,1
browser extension,1
Molecular Modelling,1
Quantum Mechanics,1
ABB robots,1
Paint Technologist,1
Investigations,1
Electrostatic Discharge,1
Voltage Drop,1
AgentForce,1
Deep Draw,1
Terminals,1
Documents Publication,1
Compressor,1
ITKK,1
videography,1
Mid Server,1
Steel Bridge,1
Euro Codes,1
American Code,1
Hard Goods,1
InstruCalc,1
Induction,1
IP Camera,1
Deploying Models,1
Fashion Jewellery,1
Imitation Jewellery,1
M&E Engineer,1
dynamic 365,1
Latency optimization techniques,1
FX,1
NACE MR0175,1
corrosion prevention,1
IBH,1
IP Addresses,1
elastic beanstalk,1
AV Solutions,1
MinIO,1
Contract To Hire,1
MULTI-TENANT PLATFORM,1
HuggingFace,1
VHAL,1
Chemotherapy,1
Blood Transfusion,1
Platelet Transfusion,1
Anticoagulation Therapy,1
Lymph Node Biopsy,1
Library Professional,1
Librarian,1
Structural,1
TimescaleDB,1
Apollo Graphql,1
Store Keeping,1
Developer Trainee,1
Level Switch,1
Admixture,1
MITRE ATTCK,1
AI frame works,1
GenAI Architect,1
Agentic - AI,1
Copper Cable,1
Brand Solutions,1
Tele Caller Executive,1
Zoho Sign,1
DAB,1
Gan,1
25 LPA.,1
Zoom,1
organic synthesis,1
VoIP,1
Chef De Partie,1
Axiom,1
E-governance,1
termination,1
Group Housing,1
WFH,1
Fixture Correction,1
Level Sketch,1
Cause & Effect,1
Moulding Defects,1
Kql,1
On-page optimization,1
AI Foundry,1
Pulumi,1
Piping Material,1
Piping Material Specification,1
MTO,1
Pwm,1
VAPT scripts,1
Rolling Mills,1
Secure Code,1
Hot Rolling Mill,1
surveying,1
Topographic surveys,1
clerical work,1
Method Verification,1
Method Transfer,1
Draft Man,1
AHU,1
Allen Bradley,1
awt,1
Method Statement,1
consultant,1
sailpoint IIQ,1
Value stream mapping,1
ASME Y14 dimensioning,1
C Class Item,1
fabricated parts,1
mac scheduler,1
small cell,1
erdas imagine,1
logrhythm,1
Vmd,1
MBOK,1
Honeywell Dcs,1
HP Storage,1
HP Servers,1
Journalist,1
InfoPath,1
Solid Principle,1
Function modules,1
Retention strategies,1
Fund raising,1
compensation benchmarking,1
avaya aes,1
Diffusion,1
Solar Cells,1
Log shipping,1
NWDI,1
Thermal Calculations,1
jmp,1
second class,1
single page app,1
IVD,1
multilingual,1
CocoaTouch,1
PyJWT,1
pyOpenSSL,1
Pitch Decks,1
observability Suite,1
Native Apps,1
DPDP,1
GC Operation,1
Pipeline pilot,1
AI video creation,1
TYPO3,1
MCP Server,1
wiz,1
PagerDuty,1
Anesthesia,1
Microchip & STM32 MCUs,1
DWIN HMI,1
RS485/Modbus,1
Mainframe Cobol,1
mould changeover,1
Investment domain,1
NMAP,1
BOP,1
Bought-Out Parts,1
Ad hoc scripts,1
consumer products,1
Eclipse IDE,1
MicroStrategy,1
Provisioning,1
Collaterals,1
Community Engagement,1
Strategic Partnerships,1
financial transformation,1
Ge Smallworld,1
Magik,1
Smallworld,1
Compounding & Dispensing,1
CALIBRATION,1
physician,1
Hdpe Pipe,1
orthopedics,1
Pumping Stations,1
Pumping,1
HW,1
corrosion detection,1
FAT procedures,1
Switchgear industry,1
Carpentry,1
Marker Making,1
radiography,1
Model Context Protocol,1
Robotics Engineer,1
robotics trainer,1
VisionPLUS,1
Voucher Entry,1
mqx,1
Concrete Structures,1
OEE Calculation,1
Graphql apollo,1
batch jobs,1
PV modules,1
knowledge of compressor,1
N6.,1
Buffers are standard solution,1
Holiday Packages,1
Car Rental,1
Tour Packages,1
Pnp,1
Policy Governance,1
saviynt IGA,1
Distributed Availability Group,1
tlf,1
Employee Benefits,1
Ibm Rhapsody,1
Titration,1
N1/N2/N3/N4,1
Strategist,1
libraries,1
Lint,1
express.js,1
Numerical,1
Polyurethane,1
Pu Foam,1
Support Analyst,1
PGW,1
edge computing,1
Pax,1
BTP Platform,1
UX/UI collaboration,1
literature survey,1
Partnerships,1
Alliances,1
Dimensional modelling,1
studio 5000,1
DWh,1
UAT Tester,1
Stakeholder Collaboration,1
Power Pivot,1
devexpress,1
ADP,1
PROPOSAL & BID PREPARATION,1
Delta Lake Transaction Logs,1
Delta Live Tables,1
OSI model,1
Model driven,1
Redhat openshift,1
Openshift Platform,1
nand,1
JDMT,1
Rolling mill,1
Strategic Alliances,1
Hql,1
ngn,1
B2F,1
Electrostatic Precipitator,1
fresh graduate,1
Type Writting,1
substation,1
DVB,1
Set Top Box,1
DTV,1
Pune Jobs,1
AAA,1
F2B,1
Payment POS,1
Nutraceuticals,1
Concur or Appian Enhance,1
Nft,1
Anchoring,1
Mvi,1
EC Pro Implementation,1
BOP Operation,1
ipam,1
Concurrency,1
ODI Developer,1
AOT,1
pricing optimization,1
Engineer Ametek Drexel Brook | Location- Sachin,1
45001& 50001,1
K8,1
Gasoline Calibration,1
OBD Calibration,1
HPDC Casting,1
High Pressure Die Casting,1
OTD,1
Broadcasting,1
Typesetting,1
Linear Regression,1
Product animation,1
crowdstrike,1
GIS Substations,1
high voltage substations,1
Switchgear & Electrical material,1
servicemax,1
Ammonia Refrigeration,1
Mill Turn,1
Turn Mill,1
llama,1
sharegate,1
parallel computing,1
autosys scheduler,1
windbg,1
Mobx,1
Infringement,1
Weld shop,1
Microarray,1
dropwizard,1
carpentry,1
MQ frameworks,1
Dapper ORM,1
async jobs,1
Apollo,1
QFD,1
HIDL,1
AIDL,1
product specialist,1
tool selection,1
Charles Proxy,1
D365 F&O,1
Homogenizer,1
Uht,1
concept art,1
STMCubeIDE,1
LED Lighting,1
emc storage,1
IS standards,1
redundancy logic,1
Rotor-bearing behavior,1
OEM foundation,1
Strong understanding of dynamic loads,1
OEMs such as Siemens,1
Graduation,1
CCNP/JNCIP,1
cooling towers,1
Level Instrument,1
Volvo,1
subscription,1
Callibration of Pipettes,1
B1if,1
NABH,1
Expense Reports,1
Level 3 support,1
Go-To-Market,1
Gel Electrophoresis,1
Electrophoresis,1
on-premise OpenShift environments,1
Piping Si,1
Hazard identification,1
Automated Tested,1
demonstration,1
Freshservice,1
IDAM - Ping,1
IDAM,1
p&id,1
AXI,1
camstar mes,1
Lithography,1
detailing,1
translation,1
strategist,1
fund transfer,1
apb,1
vector canoe,1
Fraud Analyst,1
IJP486322,1
Solar thermal,1
tidal,1
AIOC-S01581060,1
Drug discovery,1
Multitenant,1
Mainframe CICS,1
gold leve,1
TM1 Developer,1
TM1 models,1
close complex solution deals,1
conceptualize,1
Policy Enforcement Points,1
Webmethods Fabric,1
Webmethods Broker,1
Calypso BA,1
Wave Soldering,1
TMT,1
model validation,1
Thulium Laser,1
Pll,1
Navisworks Manage,1
Diathermy,1
Respiratory,1
Board Bring up,1
Audio Drivers,1
Fuzzing,1
"CodeIgniter Developer"">CodeIgniter Developer",1
Cognos Tm1,1
AZ-900,1
Optimizing Screen,1
aluminium shuttering,1
Klaviyo,1
Upgradation,1
Intellimatch,1
Signal Detection,1
Urban Economics,1
Workshop Facilitation,1
Wiz,1
dossier preparation,1
mango db,1
shipping line,1
5 why,1
tibco administrator,1
Batch Preparation,1
Wonderware,1
streling developer,1
extension,1
Native iOS,1
Solution Analyst,1
Logicmonitor,1
mixing,1
Axway,1
MFT,1
authentication flaws prevention,1
Acceptance Criteria Definition,1
Middle ware admin,1
Growth navigator,1
Petroleum,1
Ontology,1
madcap flare,1
OmniStudio,1
custom connectors,1
Power Cable,1
Chilled Water,1
Messaging Que,1
j1939,1
Blast Furnace,1
Knowledge of All Scrutiny,1
Knowledge of Finalization,1
Instagram Ads,1
solder paste slection,1
feeder setup,1
Ad server,1
V7,1
SAFe Certification,1
Crowdstrike NG siem,1
Jaw Crusher,1
Cone Crusher,1
OSP Engineer,1
Autonomous,1
Qliksense,1
SMT Engineer,1
studio500,1
Topdown,1
Bottomup,1
Kyma,1
air compressor,1
Small Cell,1
Ruckus Switches,1
Event Driven,1
OAuth 2.0,1
JWT Tokens,1
redshift/showflake,1
Apb,1
ADLS Gen 2,1
LLaMA,1
DB developer,1
V8,1
Logic Analyzer,1
Metal Cutting,1
storm water drainage,1
documentum administrator,1
tao,1
symantec backup,1
Lithium-Ion,1
Babylon.js,1
pmt,1
Tdwm,1
Viewpoint,1
actuarial,1
model driven app,1
Forecast Accuracy,1
tpt,1
pywinauto,1
petroleum,1
Service Now Autosys,1
AppD,1
IDE CRXDE,1
Rates Quant,1
solid mechanics,1
fracture mechanics,1
Pci / Pcie,1
nokia 7750,1
Smart Studio,1
TLM Premium,1
OTIF,1
Financial Transactions,1
Snapmirror,1
Snap Vault,1
Sterling Oms,1
RAP Developer,1
Qt,1
Kanzi,1
Kotlin.,1
WFM,1
Mulesoft Esb,1
model solutions,1
Scikit modules,1
cognos report studio,1
WIZ,1
VCP certification,1
WBT,1
Recs Premium,1
TLM Developer,1
protective lines,1
Result Oriented,1
Journalism,1
Financial spreading,1
NIRF rankings,1
benchmarking,1
Laravel 8+,1
EDI separator,1
generator,1
Rejection,1
Ios Swift,1
Flow Chart,1
Diploma Cvil,1
Playright,1
Event mesh,1
subcontractors,1
Sanitary Ware,1
conductor,1
Code Coverage,1
Auto tests,1
Bluetooth Classic,1
A2DP,1
Dcpr 2034,1
Mhada,1
HIKROBOTS,1
You Only Look Once,1
Camera Calibration,1
DCS operation,1
On-Load Tap Changers,1
jig,1
Saucelabs,1
WIN32,1
SFCC tester,1
GPT-4/5,1
Component pricing,1
Scientific Molding,1
Injection Molding,1
Productivity Enhancement,1
UNIGRAPHICS,1
FPGA Developer,1
communicative competence,1
independent working style,1
sustainable thinking,1
cultural impartiality,1
Value Stream Mapping,1
Telemetry,1
AIS/GIS up to 220kV,1
feasibility reports,1
PO to IS Migration,1
Hybrid Jobs,1
Worthycart,1
mfa,1
Plastering,1
Solar ROI,1
Payback Calculation,1
IDN,1
cable layout,1
WPA,1
Quantity Survey,1
Lift Irrigation,1
Precious Metal,1
IPMI,1
magento developer,1
magento 2,1
Hazard Identification,1
Sumo Logic,1
Central Store,1
Stock Taking,1
SailPoint,1
Time-Series Models,1
o9 Platform,1
Product Owners,1
Artificial Neural Networks,1
vt,1
HTMX,1
VoIP/Telephony,1
AMPscript,1
T1,1
NICE Incontact,1
CXone Migration,1
Cxone implementation,1
NPM,1
Poly,1
template creation,1
Stibo Step,1
OBDII,1
aerodynamics,1
Tailwind,1
Sveltekit,1
appd,1
analog layout,1
Gamp,1
Subscription,1
unigraphics,1
Requirement FQ Engineer in Bangalore,1
ATCI-5012793-S1871629,1
ATCI-5028963-S1871653,1
Refrigerator,1
DLP,1
zscaler proxy,1
Mounting,1
GRS Developer,1
Loop Checking,1
Investing experience,1
Investor relation,1
DAG,1
Espress.js,1
Promotional,1
CI engines,1
Typography,1
Structured Text,1
Function Block Diagram,1
Benchmarking,1
JBPM -Jboss,1
USB chargers,1
Validation Protocol,1
pipelining,1
Special Effects,1
Oil & Refinery Industry,1
Deluge scripts,1
electricity,1
creative strategy,1
corrective action,1
quantexa developer,1
Twilio,1
Authy,1
Halliburton,1
Open Works,1
Peer Reviews,1
eventbridge,1
Templates,1
ATA 52,1
XWB,1
ATA iSpec2200,1
QlikSense,1
Integrated Circuit,1
Buck Converter,1
Boost Converter,1
Bandgap Reference,1
hazardous,1
Guidewire Developer,1
Cinematography,1
toolpath,1
Paint shop,1
Kofax,1
Redis or Memcached,1
kuka,1
L1 Engineer,1
Cartographer,1
LOAM,1
Sensor fusion,1
pilot trails,1
IBM Sterling,1
SmartForms,1
hyperion developer,1
Delta Live Table,1
Extension,1
bugs effectively,1
Variation,1
protocol buffers,1
nxp,1
Xcode Instruments profiling,1
ava8,1
Inorganic,1
Aesthetics,1
retirement,1
Sorenson products,1
MITRE ATTACK,1
NAT/Firewall traversal,1
nant,1
atm,1
message driven architect,1
Event driven architect,1
hogan,1
Logic App,1
NServiceBus,1
A2O,1
Sip Protocol,1
Document Understanding,1
Point of Sale Device,1
Aop,1
case packers,1
Toxicology,1
enzyme discovery,1
kakfa,1
Active Batch,1
dynamodb,1
Snow Developer,1
Surface Preparation,1
Bharti Airtel,1
PCB boards,1
ASIC Verification,1
Analog layout,1
unity,1
bba,1
M.B.A,1
mba,1
PGDBA,1
Labware Lims,1
Serverless offerings,1
Vyond,1
Error Correction,1
VMotion,1
Shopify Developer,1
kamailio,1
XI-XII Compute Teacher,1
Event mapping,1
Polymer extrusion,1
Polymer Engineer,1
Emergency Response,1
QUAF,1
Component Library,1
Fortigate FG200F,1
2 HFM implementations,1
Minimum 4-5 yrs,1
2-3 yrs of HFM experience,1
JLPT n3,1
Jlpt N2,1
Kuka Robots,1
HMI developer,1
store procedures,1
#metro #track #blastless track #pway,1
wind farms,1
NOC engineer,1
odoo,1
migration apps,1
shop floor orders,1
kitting orders,1
Cross Docking,1
OEM Customers,1
Distillation Column,1
IP21,1
Learning Experience,1
TTT,1
FCC Developer,1
portfolio setup,1
11KV Substation,1
Cylinders,1
YOLO,1
RICE components,1
Classical,1
market survey,1
Apollo.io,1
Dashboard Creation,1
AI Agents,1
Mainframe Batch,1
tank,1
Xd,1
Replit AI,1
Vmc Milling,1
Elevator Standard,1
Jython,1
Hyperion Administrator,1
Electrical Cable,1
Smart Forms,1
E Commerce Platform,1
Boomi AtomSphere,1
Gam,1
Dfp,1
KIBO,1
66462,1
89125,1
ATCI-5045050-S1869425,1
Native Image,1
Red Hat Openshift,1
Mac OS Support,1
infragistics,1
aix environment,1
financial transactions,1
Employee retention,1
Registrar,1
Tissue culture,1
Ev Vehicle,1
AIOC-S01599948,1
ATCI-5045029-S1869177,1
AIOC-S01599959,1
ATCI-5102320-S1887454,1
Mes Engineer,1
mes platform,1
89483,1
90145,1
89481,1
Kernel Upgrade,1
Hypermill,1
ATCI-5012798-S1871633,1
carbon black,1
value stream mapping,1
theory of constraints,1
Bank Guarantee,1
ip addressing,1
ansys workbench,1
ATCI-4929584-S1854527,1
ATCI-5010798-S1873563,1
ATCI-5096279-S1886636,1
ATCI-4994685-S1869614,1
logistic regression,1
Skin Care,1
Black Box,1
NOC Engineer,1
HCL discover,1
M365,1
Report preparation,1
AI Use cases,1
Use cases,1
ATCI-5058640-S1873435,1
computational biology,1
glp,1
ATCI-5092571-S1887086,1
ATCI-4979377-S1860486,1
ABM,1
low voltage switchgear,1
Uncertainity,1
loaniq,1
89073,1
90049,1
88140,1
82708,1
88130,1
nativescript,1
ATCI-5001329-S1864677,1
debuggers,1
NI Labview,1
90000,1
68850,1
81122,1
7000,1
5000,1
3000,1
tenant/VRF/BD setup,1
Personal Care,1
Cosmetology,1
standardization,1
Onnx,1
triple A plus,1
robotic painting,1
electroplating,1
powder coating,1
SFMC Developer,1
Couple therapy,1
agentic ai,1
Aries platforms,1
IOS Platform,1
AI engineer,1
OCI Admin,1
domino developer,1
Messaging Queues,1
parametric,1
Formal Verification,1
Assertions,1
IBP,1
Signal Integrity,1
Compilers,1
BCM module,1
Uav,1
UAV certification,1
Asset Integrity,1
Kinematics,1
OCI Administrator,1
telemetry,1
consumer insights,1
exploration,1
amqp,1
Loss prevention,1
Open Cast Mining,1
Geological Exploration  Open Cast Mining  Raw Material  EvaluationGeological Survey & Mapping Expertise,1
Geological exploration,1
ATCI-5077300-S1887243,1
ATCI-5088652-S1886682,1
ATCI-5096276-S1886632,1
ruby on rails,1
AI-based fitness coaching platform,1
Bluetooth Low Energy,1
Boundary Scan,1
karl fischer titrator,1
ATCI-5016021-S1871644,1
Gun Validation,1
ac motors,1
supplier selection,1
sponsorship,1
Master Section,1
information retrieval,1
adk,1
phyton,1
annual return,1
Requirement E&I Engineer in Bathinda,1
Requirement FQ Engineer-Mech in Ahmedabad,1
Ibp,1
MCU Intergration,1
robotic studio,1
Soft Trims,1
Engineer (Drone Survey),1
Master Sections,1
GTK,1
scheduler,1
tunneling,1
natm,1
partnerships,1
yii,1
server os,1
XRM Toolbox,1
Weigh Bridge,1
hall of fame,1
bug bounty,1
UGNX,1
pile foundation,1
wfo,1
ibp,1
Smartview,1
FRS reports,1
Curriculum Alignment,1
Smart forms,1
OO ALV,1
Photocopiers,1
Brand awareness,1
Servo motors,1
JNI,1
NVIDIA,1
AI Architect,1
Tulip,1
wbt,1
zoominfo,1
NLP models,1
eligibility verification,1
token optimization,1
Depreciation,1
ATCI-5005642-S1863800,1
B1,1
ATCI-5058362-S1886858,1
AIOC-S01581080,1
ATCI-4924037-S1869773,1
ATCI-5102594-S1886837,1
ATCI-5047533-S1869693,1
ATCI-4934445-S1854503,1
E&I Engineer,1
Requirement E&I Engineer in Mumbai,1
Full Scope,1
E Commerce Merchandiser,1
Jr. Engineer,1
Product Selection,1
AI engineers,1
C Plus Plus,1
Mx 3.1 platform,1
customization exp,1
PDH,1
k 12,1
ibm cognos tm1,1
shipment tracking,1
GRIHA standards,1
library professional,1
dmp,1
Gas Insulated Substation,1
Scientist,1
Regulated Market,1
Portfolio Mapping,1
Fee Income,1
smartview,1
resident engineer,1
zoom,1
x86,1
C++/Blueprint,1
Homologation,1
Pega Robotics,1
Trim Body,1
Payment Voucher,1
Sip Trunking,1
Ribbon Sbc,1
rainwater disposal,1
express js,1
Gas Analyzer,1
Gas Detector,1
Sarbanes-Oxley,1
ip telephony,1
Cable Harness,1
Failure rate,1
247.ai,1
internal policies,1
Market Survey,1
P &Id,1
automated painting lines,1
Vibratory Feeder,1
Polygonal screen,1
Pvd Coating,1
HALT,1
Pick & place,1
Ruby on rails,1
Gear box selection,1
W3C Validation,1
UKG,1
WFD,1
Dimensions,1
DTP,1
impedance matching,1
Smart Metering,1
L4,1
Maintain,1
talent optimization,1
product strategies,1
WAVE Lighthouse,1
Linq,1
PowerApps components,1
Black Belt,1
Tesseract,1
supplier interaction.,1
Constellation,1
SAM Developer,1
one line diagrams,1
Master Pages,1
pipelines,1
KAM,1
AI Video Editor,1
MuleSoft developer,1
websphere Mq,1
female Only,1
Presentable personality,1
Note-taking.,1
Creative Thinking,1
ROR Developer,1
workshare,1
pipe culvert causeway boundary wall Fencing switchyard foundation,1
customs clearance,1
DAM,1
EV Charger,1
Dell Boomi MDH developer,1
Dell Boomi AtomSphere,1
Dell Boomi intergration,1
batteries,1
OTLP,1
Domo,1
Shopify CLI,1
Class components,1
Switch NXT,1
Battery Cooling,1
bmc developer,1
vehicle thermal,1
dynamo,1
BluePrism,1
Corrective Action,1
OOA,1
primefaces,1
utility shifting,1
Tibco Administrator,1
Preparing Quotations,1
MDH,1
Archieve gateway,1
Info Archieve,1
Open Text,1
mf,1
Ibm Wtx,1
remote support,1
IEC 60601,1
MBIST Implementation,1
validation rules,1
oAuth,1
Clinical Investigator,1
steel structure,1
injectables,1
autoclave,1
gmi,1
Abrasives,1
launch agents,1
launch daemon,1
8+yrs specifically in ELEVATOR segment,1
Screen Flow,1
spare parts,1
Extrusion,1
AI-driven modules,1
View Model,1
aem consultant,1
release governance,1
IPv4/IPv6,1
pagination,1
Conflict Resolution,1
People advocacy,1
Interfacing,1
Part Revalidation,1
Daily Reports,1
Manpower Utilization,1
Mq Series,1
BW/4HANA,1
Segger/J-Link,1
board developer,1
onyx,1
Tibco Mdm,1
Tibco EBX MDM,1
Pmd,1
WQT,1
Device Provisioning,1
bobj,1
DFM/DFX,1
implementation of CAPA,1
Layout Preparation,1
Gps Tracking,1
aftereffects,1
Instrument Sizing,1
DPM,1
XD,1
level 3 Support,1
Steel Checking,1
Book preparation,1
Provider Side,1
optical bonding,1
display bonding,1
silicone bonding,1
PSBB Line,1
SonarCube,1
Deepsource,1
Video Conference,1
steel platforms,1
such as pipe racks,1
AI Workloads,1
Biomarker sequence,1
single sign-on,1
GeoSpatial,1
HTLM5,1
Dell Server,1
pathway,1
MFA IdP Policy,1
agriculture,1
horticulture,1
organic farming,1
ActionScript,1
Robot Pytest Pycharm,1
change orders,1
ptp,1
loma,1
payment formats,1
Chrome Edge Chromium,1
Unica Campaign flowcharts,1
Progress 4GL,1
Progress DB,1
Harness.io,1
Appian Developer,1
Exp. 2-3 Yrs.,1
Jupyter Notebook,1
Ip Address,1
Bw On Hana,1
2D models,1
Redis Cache,1
Global Platform,1
PRINCE2 CSM,1
decryption verification,1
J-Link,1
stewardship,1
obfuscation,1
ooad,1
apo module,1
adls gen2,1
webdriver,1
investment portfolio,1
labvantage,1
ca clarity,1
qlikview script,1
greenplum,1
utm,1
lod,1
Investran,1
DSE Cassandra DB,1
SFMC platform,1
Connected Vehicle domain,1
UL 857,1
Manuscript,1
Smart Form,1
Firewall Implementation,1
rockwell studio 5000,1
EPM Automate,1
PCB layout,1
ARM Cortex-M,1
Oscilloscopes,1
Termination,1
Mail Server,1
Forge NXT11,1
Powerfactory,1
virtual domains,1
Fire base Storage,1
Quadient developer,1
Product custom,1
wtp,1
Routing Engineer,1
Tiger Graph,1
Amazon Neptune,1
Water Industry,1
Navis works,1
countertop,1
Die Making,1
Forecast Analyst,1
Fire fighting piping,1
Structural audit,1
handle plugins/themes,1
Outlook Support,1
Tensile Membrane Structural Disign,1
Metallurgical,1
Manage budgets,1
pc material,1
Marshmallow,1
L2/L3 Protocol,1
AI Agentic,1
GPT-3.5,1
Yokogawa,1
custom-coded features,1
Hansen Product Suit,1
Zookeeper,1
Q/kdb,1
Exploration,1
Payment Posting,1
AI Inference,1
Modular Furniture,1
Forescout,1
Vulnerability Assessmen,1
V4L2,1
Multi Body Dynamics,1
Kronos Consultant,1
Influencing,1
Home Based,1
Vacuum Furnaces,1
Hose Pipe,1
Uwp,1
Piping Arrangement,1
Expediton,1
Shock Absorber,1
Conversational AI,1
Mine Developer & Operator,1
JupiterOne,1
Blob storage,1
Dell switches,1
Dell Poweredge Servers,1
logi info,1
PKI,1
HANA Admin,1
S/4 Migration,1
IoT platform,1
Kronos Developer,1
Pipelines,1
Excavator,1
Modem Protocol,1
decision-making,1
MineSched,1
First Class Mine Managers Certficate of Competency,1
module federation,1
Aia,1
Robotics Trainer,1
resolve daily issues,1
Electric Arc Furnace,1
ETP Operation,1
GEN AI Developer,1
Timing Belts,1
Prefer Candidate working in Gujarat,1
Compilation,1
Node JS Developer,1
Lucidworks Fusion,1
Torque Tester,1
Thread Ring & Plug Gauges,1
Material Requirement,1
AP log,1
video codecs,1
Battery Charging,1
structural engineer,1
product backlogs,1
ballscrew,1
code coverage,1
Set Timelines,1
Check list,1
hp storage,1
Timing Closure,1
timevision,1
timing,1
Product Ownership,1
fta,1
PWA,1
purchasing,1
Coupa VMS implementation,1
cosmos db,1
nexus switches,1
Dynamic365,1
Omni studio,1
Mixing,1
sound engineer,1
consumers,1
16949,1
HelioScope,1
SOLID principals,1
connectivity,1
robot kinematics,1
upi,1
Preparation of Look ahead schedule,1
Propulsion,1
Blood Collection,1
Agentforce,1
Piping layout,1
ROLE Intern,1
rotational shifts,1
psv sizing,1
mass transfer,1
material selection,1
wholesale,1
Batch Jobs,1
Algorithm Spot,1
Change Handler,1
politeness,1
Breakdown of Injection moulding,1
Unisys Mainframe,1
PWA Studio,1
Ping Federate,1
Flash interfaces,1
BCM Implementation,1
Documentum,1
Reviewing codes,1
Log4j,1
Nova,1
bamboo,1
Custom app,1
FPD,1
Steel bbs,1
Webdriver.io,1
ASCE code,1
Ping Developer,1
SailPoint ISC issues,1
SailPoint IdentityNow,1
Microscopy,1
Induction Motors,1
Etas Inca,1
Pmsm Motors,1
Wxwidgets,1
Mainframe Zos,1
USB Timers,1
Ca Devtest,1
Incentive Compensation,1
Forensic Investigations,1
Lab-view Test,1
Ping Federation,1
Wind Energy HT Line Erection,1
Conservational AI,1
Evaluate information,1
Android/iOS,1
Hana Db,1
Nokia FSS,1
PB-scale Elasticsearch solutions,1
ELK expertise,1
smallworld,1
magik,1
3G,1
Siebel EIM,1
hashicorp,1
Siebel modules,1
Transmitter,1
Drive Train,1
Welded Structure,1
flink,1
Exterior trims,1
Electric Motor,1
Videography,1
MSC fatique,1
Lightning Platform,1
Hookup,1
Female candidate,1
Main Structure,1
fpga platforms,1
Incident Resolution,1
idp,1
FAILURE MODE PREDICTION,1
CREEP CALCULATIONS,1
Fracture Mechanics,1
VB script,1
AWK,1
dewatering,1
Rock behavior,1
Soil behavior,1
piling,1
excavation,1
elevations,1
AppInsights,1
Queue storage,1
Excipients,1
Entityframe,1
NTP-PP,1
Omnistudio,1
Awareness,1
work from home,1
DLP policies,1
price material,1
JASMINE KARMA,1
elevation,1
atg dynamo,1
Concreting,1
Student Mobilization,1
Community Outreach,1
BMS Applicaitons,1
Lotus Notes Domino,1
AMC Multi Gauges,1
Air Gauges,1
FUP,1
Pathway,1
IBM,1
liferay portal,1
Duckcreek Policy,1
smart view,1
On-Page Optimization,1
Principal Solution Architect,1
fat,1
Ptc Thingworx,1
Llama,1
quantisation,1
Otc Derivatives,1
Derivative Products,1
voucher entry,1
InfoWater / SewerGEMS,1
Visualizing,1
distributed,1
igbt,1
Off-Page Optimization,1
propulsion,1
Macintosh,1
global compensation,1
Battery Storage,1
Energy Storage,1
Basel Iii,1
XVA,1
Moq,1
Male candidates only,1
Cutter Section Dredging,1
mongo,1
infra as code,1
Nanoparticles,1
Account Mapping,1
VDI,1
Attention to Detail,1
bank guarantee,1
Bbm,1
Graduate trainee,1
odx,1
Lightning Developer,1
Pleasing Personality,1
Qlikscripting,1
server support,1
event scheduler,1
highcharts,1
Press Parts,1
Foglight,1
multithreading concepts,1
Go Getter,1
proactive,1
turbo integrator,1
Product Awareness,1
VDA 6.3,1
promotional events,1
Intrusion detection,1
mirroring,1
R250000008381,1
survey calculations,1
MBAM,1
SCCM 1806,1
Agglomerative Clustering,1
KNN,1
dialogflow,1
ibm storage,1
kronos developer,1
mii,1
Kronos Workforce,1
Kronos Product,1
message queue,1
gps tracking,1
cartography,1
Plugin,1
AI models,1
Stamping Engineer,1
Solenoid Valves,1
group policies,1
mam,1
db connection,1
Layout & P&I Diagrams,1
anomaly detection,1
combustion,1
prosthodontics,1
Valgenesis,1
Periodic reviews,1
Blue Prism Certifications,1
serialization,1
lambda functions,1
hp alm,1
pyhton,1
tricentis Neoload,1
Odoo Migration,1
Odoo Customization,1
Odoo Implementation,1
productivity enhancement,1
14155,1
YSoft SafeQ,1
uniFLOW,1
PrinterLogic,1
o 365,1
14281,1
Auth0,1
gwt,1
ZTNA,1
cyber resilience,1
Placement,1
ForgeRock DS,1
Mgt PaPM,1
PaPM,1
Db Migration,1
AI technologies,1
Broadcom Clarity PPM,1
shared services,1
89077,1
Multi Currency Exchange Scenario,1
openpages,1
component interface,1
vehicle spy,1
lotus script,1
lotus notes domino,1
Catalogue Specialist,1
npi,1
Conga Cpq,1
ZLD,1
ethical hacking,1
Own incident triage,1
tk,1
88095,1
App Modernization,1
79725,1
Webservers,1
88164,1
Solution architect,1
AI & ML Technologies,1
Discovery patterns,1
TLM developer,1
ATCI-4934464-S1854554,1
hypercare,1
ATCI-4972746-S1858875,1
Pricing Strategy,1
BareMetal,1
3pl,1
iot hub,1
object detection,1
hp qtp,1
analyzer syatem integrator,1
wd,1
ultrasound,1
Verification Reports,1
I2,1
Normalization,1
MSME/UDYAM,1
OEM letter,1
Ltm,1
liferay dxp,1
Rag Pipeline,1
WebDriver,1
o9,1
JDA,1
Benchmark,1
forecasts,1
Nnmi,1
Food Preparation,1
Shop Engineer,1
mft,1
iqbot,1
Catchpoint,1
MPP,1
JVM,1
peer reviews,1
Railway Siding,1
Chef Puppet,1
Drupal 10,1
v6,1
conversational ai,1
1LoD,1
Pvwa,1
pim,1
Soot Blowing,1
LDO Checking & Unloading,1
Material scientist,1
Footwear Industry,1
Aced Painting,1
Guest Relations,1
small power,1
AI frameworks,1
Hazelcast,1
Bore Gauges,1
Conduct lectures,1
Material master,1
Modern Workplace,1
Cartography,1
Deliverables,1
GMOK,1
Pipe Racks,1
Veeva Vault,1
ibm infosphere,1
FortiMail,1
Atlassian,1
Event Support,1
Wood Coating,1
AS400 Admin,1
Cocoapods,1
instrument calibration,1
O365 apps,1
AI Specialist,1
Industry 4.0,1
Pagerduty,1
MITRE ATT&CK,1
CyberArk Engineer_Marri,1
Server support,1
merchant acquiring,1
Profitability report,1
MES Apriso Developer_Anirudh,1
Messaging Administrator,1
Ai architrcture,1
Thermal mapping,1
CCNP ENCOR,1
georeferencing,1
Principal Architect,1
account opening,1
single-line diagrams,1
Complaint Resolution,1
box,1
Contract Review,1
uddi,1
Principal Engineer,1
A360,1
RAG pipelines,1
ZPA,1
Labware LIMS,1
FDI/FAW,1
Air Handlers,1
lighting fixtures,1
including ductwork,1
test reports,1
AHA,1
R&D Informatics,1
Pipeline Pilot,1
Windchill Customization,1
Spartacus,1
Clinical Protocol,1
action oriented,1
emergency response,1
Structural layouts,1
PEB Erection,1
Cinema 4D,1
DBL,1
O365 Administrator,1
stormwater,1
MANGO DB,1
COSMOS DB,1
Pickling Engineer,1
lambda,1
Hdmi,1
Yum,1
LVM,1
Prior Authorization,1
mould flow,1
Dbt,1
aem architect,1
93K,1
ETS800 Tester,1
ATE PCB layout,1
Steel erection,1
Dash boarding,1
administrative tasks,1
Kustomize,1
creo cabling,1
Underground Metro,1
Tunneling,1
TBM,1
aerostructures,1
aircraft structures,1
payment solutions,1
R00272751,1
BC developer,1
DuckCreek DMS,1
gw pc developer,1
R00272741,1
Shell / Bash,1
Load Ninja,1
Strategy formulation,1
trackwise,1
Incentivate,1
Agriculture,1
dtp,1
Allegro PCB Editor,1
ECN Implementation.,1
90143,1
solid edge,1
chart of accounts,1
nvm,1
fraud prevention,1
opentext exstream,1
Haematology,1
Advantage,1
Utility Piping,1
Compressed Air,1
Pipe Sizing,1
Maninagar,1
Efficiency improvement,1
door to door survey,1
Scheme survey,1
provision,1
Siem Splunk,1
Railway Rolling Stock,1
Multithreading Concepts,1
Micronaut,1
axiom,1
86006,1
xs advanced,1
printer support,1
munit,1
atp,1
BW4HANA,1
BOTANY,1
broadcom developer,1
Pre Silicon,1
PCB desig,1
RFP/RFQ RFI from customers,1
mako,1
Wheel Loader,1
Backhoe Loader,1
LNG Unloading,1
wdio,1
Instrucalc,1
FortiGate,1
tivoli identity manager,1
cable harness,1
P &ID,1
bom preparation,1
hydrocarbon,1
ATF,1
openworks,1
